"minmic","maxmic"
0.867536753675368,0.915441176470588
