"minks5","maxks5"
0.750044083935814,0.87075859087962
