"minks5","maxks5"
0.747839887145124,0.87075859087962
