"minnvq4","maxnvq4"
0.244670609269702,0.589945487583283
