"minnvq4","maxnvq4"
0.118545024785792,0.589945487583283
